CID,TeamID,Attributes
00, ,left
01, ,front
02, ,front
03, ,front
04, ,front
05, ,front
06, ,front
07, ,front
08, ,front
09, ,front
10, ,left
11, 
12, 
13, 
14, 
15, 
16, 
17, 
18, 
19, 
20, ,left
21, 
22, 
23, 
24, 
25, 
26, 
27, 
28, 
29, 
30, ,left
31, 
32, 
33, 
34, 
35, 
36, 
37, 
38, 
39, 
40, ,left
41, 
42, 
43, 
44, 
45, 
46, 
47, 
48, 
49, 
50, ,left
51, 
52, 
53, 
54, 
55, 
56, 
57, 
58, 
59, 
60, ,left
61, 
62, 
63, 
64, 
65, 
66, 
67, 
68, 
69, 
70, ,left
71, 
72, 
73, 
74, 
75, 
76, 
77, 
78, 
79, 
80, ,left
81, 
82, 
83, 
84, 
85, 
86, 
87, 
88, 
89, 
90, ,left
91, 
92, 
93, 
94, 
95, 
96, 
97, 
98, 
99, 
100, ,left
101, 
102, 
103, 
104, 
105, 
106, 
107, 
108, 
109, 
110, ,left
111, 
112, 
113, 
114, 
115, 
116, 
117, 
118, 
119, 
120, ,left
121, 
122, 
123, 
124, 
125, 
126, 
127, 
128, 
129, 
130, ,left
131, 
132, 
133, 
134, 
135, 
136, 
137, 
138, 
139, 
140, ,left
141, 
142, 
143, 
144, 
145, 
146, 
147, 
148, 
149, 
150, ,left
151, 
152, 
153, 
154, 
155, 
156, 
157, 
158, 
159, 
160, ,left
161, 
162, 
163, 
164, 
165, 
166, 
167, 
168, 
169, 
170, ,left
171, 
172, 
173, 
174, 
175, 
176, 
177, 
178, 
179, 
180, ,left
181, 
182, 
183, 
184, 
185, 
186, 
187, 
188, 
189, 
190, ,left
191, 
192, 
193, 
194, 
195, 
196, 
197, 
198, 
199, 
200, ,left
201, ,back
202, ,back
203, ,back
204, ,back
205, ,back
206, ,back
207, ,back
208, ,back
209, ,back
